URL,Ignored (Yes/No),Landing page (Yes/No),Tag status
budgetbeepro.com/blog/getting-out-of-debt-guide/,No,No,Not tagged
budgetbeepro.com/blog/personal-loans-debt-strategy,No,No,Not tagged
budgetbeepro.com/blog/understanding-credit-card-interest-rates/,No,No,Not tagged
budgetbeepro.com/quiz,No,No,Tagged
budgetbeepro.com/,No,No,Tagged
budgetbeepro.com/quiz-results,No,No,Tagged
budgetbeepro.com/financial-solutions/chase-freedom-unlimited-credit-card-benefits,No,No,Tagged
budgetbeepro.com/financial-solutions,No,No,Tagged
budgetbeepro.com/financial-solutions/amazon-rewards-visa-credit-card-requirements,No,No,Tagged
budgetbeepro.com/personal-finance/the-50-30-20-rule-explained-simple-budgeting-that-actually-works,No,No,Tagged
budgetbeepro.com/financial-solutions/amazon-rewards-visa-credit-card-benefits,No,No,Tagged
budgetbeepro.com/personal-finance/simple-ways-to-start-saving-money-today-even-on-a-tight-budget,No,No,Tagged
budgetbeepro.com/personal-finance/building-good-money-habits-consistency-is-key,No,No,Tagged
budgetbeepro.com/personal-finance/budgeting-methods-compared-which-approach-fits-your-spending-style,No,No,Tagged
budgetbeepro.com/personal-finance/are-you-a-spender-or-a-saver-how-your-money-personality-shapes-your-financial-success,No,No,Tagged
budgetbeepro.com/credit-card-recommender-p1,No,No,Tagged
budgetbeepro.com/credit-card-recommender-p2,No,No,Tagged
budgetbeepro.com/financial-solutions/capital-one-savor-rewards-credit-card-benefits,No,No,Tagged
budgetbeepro.com/credit-card-recommender-p3,No,No,Tagged
budgetbeepro.com/personal-finance,No,No,Tagged
budgetbeepro.com/contact,No,No,Tagged
budgetbeepro.com/blog,No,No,Tagged
mejoresfinanzas.vercel.app/,No,No,Tagged
budgetbeepro.com/quiz/,No,No,Tagged
budgetbeepro.com/personal-finance/building-good-money-habits-consistency-is-key/,No,No,Tagged
budgetbeepro.com/terms-conditions/,No,No,Tagged
budgetbeepro.com/financial-solutions/amazon-rewards-visa-credit-card-requirements/,No,No,Tagged
budgetbeepro.com/credit-card-recommender-p1/,No,No,Tagged
budgetbeepro.com/credit-card-recommender-p3/,No,No,Tagged
budgetbeepro.com/financial-solutions/amazon-rewards-visa-credit-card-benefits/,No,No,Tagged
budgetbeepro.com/financial-solutions/capital-one-savor-rewards-credit-card-benefits/,No,No,Tagged
budgetbeepro.com/credit-card-recommender-p2/,No,No,Tagged
budgetbeepro.com/personal-finance/budgeting-methods-compared-which-approach-fits-your-spending-style/,No,No,Tagged
budgetbeepro.com/financial-solutions/chase-freedom-unlimited-credit-card-benefits/,No,No,Tagged
budgetbeepro.com/financial-solutions/,No,No,Tagged
mejoresfinanzas.vercel.app/personal-finance/eres-gastador-o-ahorrador-como-tu-personalidad-financiera-impacta-tu-exito,No,No,Tagged
budgetbeepro.com/contact/,No,No,Tagged
budgetbeepro.com/about/,No,No,Tagged
budgetbeepro.com/financial-solutions/tomo-credit-card-requirements/,No,No,Tagged
financial-blog-template.vercel.app/,No,No,Tagged
budgetbeepro.com/sitemap.xml,No,No,Tagged
www.budgetbeepro.com/financial-solutions/amazon-rewards-visa-credit-card-requirements/,No,No,Tagged
budgetbeepro.com/blog/,No,No,Tagged
budgetbeepro.com/privacy-policy/,No,No,Tagged
www.budgetbeepro.com/cookie-policy/,No,No,Tagged
www.budgetbeepro.com/terms-conditions/,No,No,Tagged
www.budgetbeepro.com/personal-finance/high-yield-savings-accounts-vs-money-market-accounts-where-to-keep-your-emergency-fund/,No,No,Tagged
budgetbeepro.com/personal-finance/protecting-your-money-an-introduction-to-financial-security/,No,No,Tagged
budgetbeepro.com/personal-finance/simple-ways-to-start-saving-money-today-even-on-a-tight-budget/,No,No,Tagged
www.budgetbeepro.com/,No,No,Tagged
budgetbeepro.com/financial-solutions/titanium-rewards-visa-signature-credit-card-requirements/,No,No,Tagged
budgetbeepro.com/financial-solutions/chase-freedom-unlimited-requirements/,No,No,Tagged
budgetbeepro.com/personal-finance/what-is-an-emergency-fund-and-why-you-need-one/,No,No,Tagged
budgetbeepro.com/personal-finance/,No,No,Tagged
budgetbeepro.com/personal-finance/the-50-30-20-rule-explained-simple-budgeting-that-actually-works/,No,No,Tagged
budgetbeepro.com/financial-solutions/citi-double-cash-credit-card-benefits/,No,No,Tagged
budgetbeepro.com/personal-finance/the-basics-of-investing-how-to-get-started-without-being-an-expert/,No,No,Tagged
budgetbeepro.com/personal-finance/setting-financial-goals-a-begins-guide-to-planning-your-future,No,No,Tagged
budgetbeepro.com/personal-finance/your-net-worth-explained-what-it-is-and-how-to-calculate-it/,No,No,Tagged
budgetbeepro.com/personal-finance/understanding-your-paycheck-taxes-deductions-and-net-pay-explained/,No,No,Tagged
budgetbeepro.com/personal-finance/understanding-different-types-of-credit-cards-rewards-low-apr-secured-and-more/,No,No,Tagged
budgetbeepro.com/personal-finance/the-first-step-to-financial-freedom-understanding-your-money-mindset/,No,No,Tagged
budgetbeepro.com/personal-finance/the-difference-between-saving-and-investing-which-should-you-do-first/,No,No,Tagged
budgetbeepro.com/personal-finance/should-you-consolidate-debt-comparing-balance-transfers-personal-loans-and-helocs/,No,No,Tagged
budgetbeepro.com/personal-finance/setting-financial-goals-a-beginners-guide-to-planning-your-future/,No,No,Tagged
budgetbeepro.com/personal-finance/roth-ira-vs-traditional-ira-choosing-the-right-retirement-account-for-you/,No,No,Tagged
budgetbeepro.com/personal-finance/page/4/,No,No,Tagged
budgetbeepro.com/personal-finance/page/3/,No,No,Tagged
budgetbeepro.com/personal-finance/page/2/,No,No,Tagged
budgetbeepro.com/financial-solutions/discover-it-student-chrome-credit-card-requirements/,No,No,Tagged
budgetbeepro.com/personal-finance/high-yield-savings-accounts-vs-money-market-accounts-where-to-keep-your-emergency-fund/,No,No,Tagged
budgetbeepro.com/financial-solutions/wells-fargo-autograph-card-requirements/,No,No,Tagged
budgetbeepro.com/financial-solutions/wells-fargo-autograph-card-benefits/,No,No,Tagged
budgetbeepro.com/financial-solutions/visa-signature-us-current-build-credit-card-requirements/,No,No,Tagged
budgetbeepro.com/financial-solutions/visa-signature-us-current-build-credit-card-benefits/,No,No,Tagged
budgetbeepro.com/financial-solutions/us-bank-cash-plus-visa-signature-card-requirements/,No,No,Tagged
budgetbeepro.com/financial-solutions/us-bank-cash-plus-visa-signature-card-benefits/,No,No,Tagged
budgetbeepro.com/financial-solutions/tomo-credit-card-benefits/,No,No,Tagged
budgetbeepro.com/financial-solutions/titanium-rewards-visa-signature-credit-card-benefits/,No,No,Tagged
budgetbeepro.com/financial-solutions/td-flexpay-credit-card-requirements/,No,No,Tagged
budgetbeepro.com/financial-solutions/td-flexpay-credit-card-benefits/,No,No,Tagged
budgetbeepro.com/financial-solutions/page/8/,No,No,Tagged
budgetbeepro.com/financial-solutions/page/7/,No,No,Tagged
budgetbeepro.com/financial-solutions/page/6/,No,No,Tagged
budgetbeepro.com/financial-solutions/first-digital-nextgen-mastercard-requirements/,No,No,Tagged
budgetbeepro.com/financial-solutions/doordash-rewards-mastercard-requirements/,No,No,Tagged
budgetbeepro.com/financial-solutions/doordash-rewards-mastercard-benefits/,No,No,Tagged
budgetbeepro.com/financial-solutions/citi-simplicity-card-requirements/,No,No,Tagged
budgetbeepro.com/financial-solutions/capital-one-savor-rewards-credit-card-requirements/,No,No,Tagged
budgetbeepro.com/financial-solutions/capital-one-quicksilver-student-credit-card-requirements/,No,No,Tagged
budgetbeepro.com/financial-solutions/page/5/,No,No,Tagged
budgetbeepro.com/financial-solutions/page/4/,No,No,Tagged
budgetbeepro.com/financial-solutions/page/3/,No,No,Tagged
budgetbeepro.com/financial-solutions/page/2/,No,No,Tagged
budgetbeepro.com/financial-solutions/first-digital-nextgen-mastercard-benefits/,No,No,Tagged
budgetbeepro.com/financial-solutions/discover-it-student-chrome-credit-card-benefits/,No,No,Tagged
budgetbeepro.com/financial-solutions/citi-simplicity-card-benefits/,No,No,Tagged
budgetbeepro.com/financial-solutions/citi-double-cash-credit-card-requirements/,No,No,Tagged
budgetbeepro.com/financial-solutions/capital-one-quicksilver-student-credit-card-benefits/,No,No,Tagged
budgetbeepro.com/blog/page/9/,No,No,Tagged
budgetbeepro.com/blog/page/8/,No,No,Tagged
budgetbeepro.com/blog/page/7/,No,No,Tagged
budgetbeepro.com/blog/page/6/,No,No,Tagged
budgetbeepro.com/blog/page/5/,No,No,Tagged
budgetbeepro.com/blog/page/4/,No,No,Tagged
budgetbeepro.com/blog/page/2/,No,No,Tagged
budgetbeepro.com/blog/page/12/,No,No,Tagged
budgetbeepro.com/blog/page/11/,No,No,Tagged
budgetbeepro.com/blog/page/10/,No,No,Tagged
budgetbeepro.com/personal-finance/what-is-personal-finance-and-why-does-it-matter/,No,No,Tagged
budgetbeepro.com/cookie-policy/,No,No,Tagged
budgetbeepro.com/blog/page/3/,No,No,No recent data
www.budgetbeepro.com/privacy-policy/,No,No,No recent data
www.budgetbeepro.com/about/,No,No,No recent data
www.budgetbeepro.com/contact/,No,No,No recent data
www.budgetbeepro.com/blog/,No,No,No recent data
budgetbeepro.com/qz,No,No,No recent data
